{
	"name": "custom.remote.python.f5rest", 
	"metricGroup": "tech.f5", 
	"version": "1.059",
	"experimentalMinVersion" : "1.025",
	"productiveMinVersion" : "1.024",
	"type": "python",
	"requiredAgentVersion": "1.101.0",
	"entity": "CUSTOM_DEVICE",
	"processTypeNames": ["PYTHON"],
	"technologies": ["f5"],
    "favicon": "https://s3.eu-west-2.amazonaws.com/dynatrace-extensions/f5.png",
	"source": {
		"package": "custom_f5_plugin_remote",
		"className": "Customf5PluginRemote",
		"install_requires": ["f5-sdk>=3.0.20", "requests>=2.6.0"],
		"activation": "Remote"
	},
	"metrics": [
		{
			"entity": "CUSTOM_DEVICE",
			"timeseries": {
				"key": "connectivity",
				"unit": "Percent",
				"displayname": "f5 - Device - Connectivity"
			},
            "alert_settings": [
                {
                        "alert_id": "f5_connectivity",
                        "event_type": "AVAILABILITY_EVENT",
                        "event_name": "Unable to connect",
                        "description": "The {metricname} of {entityname} is {severity}",
                        "threshold": 99.0,
                        "default_state": "active",
                        "alert_condition": "BELOW",
                        "samples":3,
                        "violating_samples":1,
                        "dealerting_samples":3
                }
            ]
		},
		{
			"entity": "CUSTOM_DEVICE",
			"timeseries": {
				"key": "VirtualServer.Status",
				"unit": "Percent",
				"displayname": "Status",
                "dimensions": ["VirtualServer"]
			},
            "alert_settings": [
                {
                        "alert_id": "f5_virtual_server_status",
                        "event_type": "AVAILABILITY_EVENT",
                        "event_name": "Virtual server is down",
                        "description": "The {metricname} of {entityname} is {severity}",
                        "threshold": 99.0,
                        "default_state": "inactive",
                        "alert_condition": "BELOW",
                        "samples":3,
                        "violating_samples":1,
                        "dealerting_samples":3
                }
            ]
		},
		{
			"entity": "CUSTOM_DEVICE",
			"timeseries": {
				"key": "Pool.Status",
				"unit": "Percent",
				"displayname": "Status",
                "dimensions": ["Pool"]
			},
            "alert_settings": [
                {
                        "alert_id": "f5_pool_status",
                        "event_type": "AVAILABILITY_EVENT",
                        "event_name": "Pool is down",
                        "description": "The {metricname} of {entityname} is {severity}",
                        "threshold": 99.0,
                        "default_state": "inactive",
                        "alert_condition": "BELOW",
                        "samples":3,
                        "violating_samples":1,
                        "dealerting_samples":3
                }
            ]
		},
		{
			"entity": "CUSTOM_DEVICE",
			"timeseries": {
				"key": "Node.Status",
				"unit": "Percent",
				"displayname": "Status",
                "dimensions": ["Node"]
			},
            "alert_settings": [
                {
                        "alert_id": "f5_node_status",
                        "event_type": "AVAILABILITY_EVENT",
                        "event_name": "Node is down",
                        "description": "The {metricname} of {entityname} is {severity}",
                        "threshold": 99.0,
                        "default_state": "inactive",
                        "alert_condition": "BELOW",
                        "samples":3,
                        "violating_samples":1,
                        "dealerting_samples":3
                }
            ]
		},
        {
			"entity": "CUSTOM_DEVICE",
			"timeseries": {
				"key": "VirtualServer.totRequests", 
				"unit": "Count",
                "dimensions": ["VirtualServer"],
				"displayname": "Requests"
			}
		},
        {
			"entity": "CUSTOM_DEVICE",
			"timeseries": {
				"key": "VirtualServer.clientside_totConns", 
				"unit": "Count",
                "dimensions": ["VirtualServer"],
				"displayname": "Connections"
			}
		},
        {
			"entity": "CUSTOM_DEVICE",
			"timeseries": {
				"key": "VirtualServer.ephemeral_totConns", 
				"unit": "Count",
                "dimensions": ["VirtualServer"],
				"displayname": "Ephemeral connections"
			}
		},
        {
			"entity": "CUSTOM_DEVICE",
			"timeseries": {
				"key": "VirtualServer.clientside_bitsIn", 
				"unit": "Byte",
                "dimensions": ["VirtualServer"],
				"displayname": "Received"
			}
		},
        {
			"entity": "CUSTOM_DEVICE",
			"timeseries": {
				"key": "VirtualServer.ephemeral_bitsIn", 
				"unit": "Byte",
                "dimensions": ["VirtualServer"],
				"displayname": "Ephemeral received"
			}
		},
        {
			"entity": "CUSTOM_DEVICE",
			"timeseries": {
				"key": "VirtualServer.clientside_bitsOut", 
				"unit": "Byte",
                "dimensions": ["VirtualServer"],
				"displayname": "Transmitted"
			}
		},
        {
			"entity": "CUSTOM_DEVICE",
			"timeseries": {
				"key": "VirtualServer.ephemeral_bitsOut", 
				"unit": "Byte",
                "dimensions": ["VirtualServer"],
				"displayname": "Ephemeral transmitted"
			}
		},
        {
			"entity": "CUSTOM_DEVICE",
			"timeseries": {
				"key": "VirtualServer.clientside_pktsIn", 
				"unit": "Count",
                "dimensions": ["VirtualServer"],
				"displayname": "Received packets"
			}
		},
        {
			"entity": "CUSTOM_DEVICE",
			"timeseries": {
				"key": "VirtualServer.ephemeral_pktsIn", 
				"unit": "Count",
                "dimensions": ["VirtualServer"],
				"displayname": "Ephemeral received packets"
			}
		},
        {
			"entity": "CUSTOM_DEVICE",
			"timeseries": {
				"key": "VirtualServer.clientside_pktsOut", 
				"unit": "Count",
                "dimensions": ["VirtualServer"],
				"displayname": "Transmitted packets"
			}
		},
        {
			"entity": "CUSTOM_DEVICE",
			"timeseries": {
				"key": "VirtualServer.ephemeral_pktsOut", 
				"unit": "Count",
                "dimensions": ["VirtualServer"],
				"displayname": "Ephemeral transmitted packets"
			}
		},
        {
			"entity": "CUSTOM_DEVICE",
			"timeseries": {
				"key": "VirtualServer.clientside_slowKilled", 
				"unit": "Count",
                "dimensions": ["VirtualServer"],
				"displayname": "Slow killed"
			}
		},
        {
			"entity": "CUSTOM_DEVICE",
			"timeseries": {
				"key": "VirtualServer.ephemeral_slowKilled", 
				"unit": "Count",
                "dimensions": ["VirtualServer"],
				"displayname": "Ephemeral slow killed"
			}
		},
        {
			"entity": "CUSTOM_DEVICE",
			"timeseries": {
				"key": "VirtualServer.clientside_evictedConns", 
				"unit": "Count",
                "dimensions": ["VirtualServer"],
				"displayname": "Evicted connections"
			}
		},
        {
			"entity": "CUSTOM_DEVICE",
			"timeseries": {
				"key": "VirtualServer.ephemeral_evictedConns", 
				"unit": "Count",
                "dimensions": ["VirtualServer"],
				"displayname": "Ephemeral evicted connections"
			}
		},
        {
			"entity": "CUSTOM_DEVICE",
			"timeseries": {
				"key": "VirtualServer.oneMinAvgUsageRatio", 
				"unit": "Percent",
                "dimensions": ["VirtualServer"],
				"displayname": "CPU usage"
			}
		},
        {
			"entity": "CUSTOM_DEVICE",
			"timeseries": {
				"key": "VirtualServer.syncookie_accepts", 
				"unit": "Count",
                "dimensions": ["VirtualServer"],
				"displayname": "Syncookie accepts"
			}
		},
        {
			"entity": "CUSTOM_DEVICE",
			"timeseries": {
				"key": "VirtualServer.syncookie_rejects", 
				"unit": "Count",
                "dimensions": ["VirtualServer"],
				"displayname": "Syncookie rejects"
			}
		},
        {
			"entity": "CUSTOM_DEVICE",
			"timeseries": {
				"key": "Pool.totRequests", 
				"unit": "Count",
                "dimensions": ["Pool"],
				"displayname": "Requests"
			}
		},
        {
			"entity": "CUSTOM_DEVICE",
			"timeseries": {
				"key": "Pool.serverside_totConns", 
				"unit": "Count",
                "dimensions": ["Pool"],
				"displayname": "Connections"
			}
		},
        {
			"entity": "CUSTOM_DEVICE",
			"timeseries": {
				"key": "Pool.serverside_bitsIn", 
				"unit": "Byte",
                "dimensions": ["Pool"],
				"displayname": "Received"
			}
		},
        {
			"entity": "CUSTOM_DEVICE",
			"timeseries": {
				"key": "Pool.serverside_bitsOut", 
				"unit": "Byte",
                "dimensions": ["Pool"],
				"displayname": "Transmitted"
			}
		},
        {
			"entity": "CUSTOM_DEVICE",
			"timeseries": {
				"key": "Pool.serverside_pktsIn", 
				"unit": "Count",
                "dimensions": ["Pool"],
				"displayname": "Received packets"
			}
		},
        {
			"entity": "CUSTOM_DEVICE",
			"timeseries": {
				"key": "Pool.serverside_pktsOut", 
				"unit": "Count",
                "dimensions": ["Pool"],
				"displayname": "Transmitted packets"
			}
		},
        {
			"entity": "CUSTOM_DEVICE",
			"timeseries": {
				"key": "Pool.activeMemberCnt", 
				"unit": "Count",
                "dimensions": ["Pool"],
				"displayname": "Member count"
			}
		},
        {
			"entity": "CUSTOM_DEVICE",
			"timeseries": {
				"key": "Pool.curSessions", 
				"unit": "Count",
                "dimensions": ["Pool"],
				"displayname": "Current sessions"
			}
		},
        {
			"entity": "CUSTOM_DEVICE",
			"timeseries": {
				"key": "Rule.totalExecutions", 
				"unit": "Count",
                "dimensions": ["Rule"],
				"displayname": "Executions"
			}
		},
        {
			"entity": "CUSTOM_DEVICE",
			"timeseries": {
				"key": "Rule.aborts", 
				"unit": "Count",
                "dimensions": ["Rule"],
				"displayname": "Aborts"
			}
		},
        {
			"entity": "CUSTOM_DEVICE",
			"timeseries": {
				"key": "Rule.failures", 
				"unit": "Count",
                "dimensions": ["Rule"],
				"displayname": "Failures"
			}
		},
        {
			"entity": "CUSTOM_DEVICE",
			"timeseries": {
				"key": "Node.totRequests", 
				"unit": "Count",
                "dimensions": ["Node"],
				"displayname": "Requests"
			}
		},
        {
			"entity": "CUSTOM_DEVICE",
			"timeseries": {
				"key": "Node.serverside_totConns", 
				"unit": "Count",
                "dimensions": ["Node"],
				"displayname": "Connections"
			}
		},
        {
			"entity": "CUSTOM_DEVICE",
			"timeseries": {
				"key": "Node.serverside_bitsIn", 
				"unit": "Byte",
                "dimensions": ["Node"],
				"displayname": "Received"
			}
		},
        {
			"entity": "CUSTOM_DEVICE",
			"timeseries": {
				"key": "Node.serverside_bitsOut", 
				"unit": "Byte",
                "dimensions": ["Node"],
				"displayname": "Transmitted"
			}
		},
        {
			"entity": "CUSTOM_DEVICE",
			"timeseries": {
				"key": "Node.serverside_pktsIn", 
				"unit": "Count",
                "dimensions": ["Node"],
				"displayname": "Received packets"
			}
		},
        {
			"entity": "CUSTOM_DEVICE",
			"timeseries": {
				"key": "Node.serverside_pktsOut", 
				"unit": "Count",
                "dimensions": ["Node"],
				"displayname": "Transmitted packets"
			}
		},
        {
			"entity": "CUSTOM_DEVICE",
			"timeseries": {
				"key": "Interface.counters_bitsIn", 
				"unit": "Byte",
                "dimensions": ["Interface"],
				"displayname": "Received"
			}
		},
        {
			"entity": "CUSTOM_DEVICE",
			"timeseries": {
				"key": "Interface.counters_bitsOut", 
				"unit": "Byte",
                "dimensions": ["Interface"],
				"displayname": "Transmitted"
			}
		},
        {
			"entity": "CUSTOM_DEVICE",
			"timeseries": {
				"key": "Interface.counters_pktsIn", 
				"unit": "Count",
                "dimensions": ["Interface"],
				"displayname": "Received packets"
			}
		},
        {
			"entity": "CUSTOM_DEVICE",
			"timeseries": {
				"key": "Interface.counters_pktsOut", 
				"unit": "Count",
                "dimensions": ["Interface"],
				"displayname": "Transmitted packets"
			}
		},
        {
			"entity": "CUSTOM_DEVICE",
			"timeseries": {
				"key": "Interface.counters_dropsAll", 
				"unit": "Count",
                "dimensions": ["Interface"],
				"displayname": "Dropped packages"
			}
		},
        {
			"entity": "CUSTOM_DEVICE",
			"timeseries": {
				"key": "Interface.counters_errorsAll", 
				"unit": "Count",
                "dimensions": ["Interface"],
				"displayname": "Errors"
			}
		},
        {
			"entity": "CUSTOM_DEVICE",
			"timeseries": {
				"key": "Interface.statusUp", 
				"unit": "Percent",
                "dimensions": ["Interface"],
				"displayname": "Status up/down"
			}
		},
        {
			"entity": "CUSTOM_DEVICE",
			"timeseries": {
				"key": "ServerSSL.common_totCompatConns", 
				"unit": "Count",
                "dimensions": ["Profile"],
				"displayname": "Common connections"
			}
		},
        {
			"entity": "CUSTOM_DEVICE",
			"timeseries": {
				"key": "ServerSSL.common_totNativeConns", 
				"unit": "Count",
                "dimensions": ["Profile"],
				"displayname": "Native connections"
			}
		},
        {
			"entity": "CUSTOM_DEVICE",
			"timeseries": {
				"key": "ServerSSL.common_fatalAlerts", 
				"unit": "Count",
                "dimensions": ["Profile"],
				"displayname": "Fatal alerts"
			}
		},
        {
			"entity": "CUSTOM_DEVICE",
			"timeseries": {
				"key": "ServerSSL.common_secureHandshakes", 
				"unit": "Count",
                "dimensions": ["Profile"],
				"displayname": "Secure handshakes"
			}
		},
        {
			"entity": "CUSTOM_DEVICE",
			"timeseries": {
				"key": "ServerSSL.common_handshakeFailures", 
				"unit": "Count",
                "dimensions": ["Profile"],
				"displayname": "Handshake failures"
			}
		},
        {
			"entity": "CUSTOM_DEVICE",
			"timeseries": {
				"key": "ServerSSL.common_insecureHandshakeAccepts", 
				"unit": "Count",
                "dimensions": ["Profile"],
				"displayname": "Insecure handshake accepts"
			}
		},
        {
			"entity": "CUSTOM_DEVICE",
			"timeseries": {
				"key": "ServerSSL.common_insecureHandshakeRejects", 
				"unit": "Count",
                "dimensions": ["Profile"],
				"displayname": "Insecure handshake rejects"
			}
		},
        {
			"entity": "CUSTOM_DEVICE",
			"timeseries": {
				"key": "ServerSSL.common_insecureRenegotiationRejects", 
				"unit": "Count",
                "dimensions": ["Profile"],
				"displayname": "Insecure renegotiation rejects"
			}
		},
        {
			"entity": "CUSTOM_DEVICE",
			"timeseries": {
				"key": "ServerSSL.common_protocolUses", 
				"unit": "Count",
                "dimensions": ["Profile", "Protocol"],
				"displayname": "Protocol requests"
			}
		},
        {
			"entity": "CUSTOM_DEVICE",
			"timeseries": {
				"key": "ClientSSL.common_totCompatConns", 
				"unit": "Count",
                "dimensions": ["Profile"],
				"displayname": "Common connections"
			}
		},
        {
			"entity": "CUSTOM_DEVICE",
			"timeseries": {
				"key": "ClientSSL.common_totNativeConns", 
				"unit": "Count",
                "dimensions": ["Profile"],
				"displayname": "Native connections"
			}
		},
        {
			"entity": "CUSTOM_DEVICE",
			"timeseries": {
				"key": "ClientSSL.common_fatalAlerts", 
				"unit": "Count",
                "dimensions": ["Profile"],
				"displayname": "Fatal alerts"
			}
		},
        {
			"entity": "CUSTOM_DEVICE",
			"timeseries": {
				"key": "ClientSSL.common_secureHandshakes", 
				"unit": "Count",
                "dimensions": ["Profile"],
				"displayname": "Secure handshakes"
			}
		},
        {
			"entity": "CUSTOM_DEVICE",
			"timeseries": {
				"key": "ClientSSL.common_handshakeFailures", 
				"unit": "Count",
                "dimensions": ["Profile"],
				"displayname": "Handshake failures"
			}
		},
        {
			"entity": "CUSTOM_DEVICE",
			"timeseries": {
				"key": "ClientSSL.common_insecureHandshakeAccepts", 
				"unit": "Count",
                "dimensions": ["Profile"],
				"displayname": "Insecure handshake accepts"
			}
		},
        {
			"entity": "CUSTOM_DEVICE",
			"timeseries": {
				"key": "ClientSSL.common_insecureHandshakeRejects", 
				"unit": "Count",
                "dimensions": ["Profile"],
				"displayname": "Insecure handshake rejects"
			}
		},
        {
			"entity": "CUSTOM_DEVICE",
			"timeseries": {
				"key": "ClientSSL.common_insecureRenegotiationRejects", 
				"unit": "Count",
                "dimensions": ["Profile"],
				"displayname": "Insecure renegotiation rejects"
			}
		},
        {
			"entity": "CUSTOM_DEVICE",
			"timeseries": {
				"key": "ClientSSL.common_protocolUses", 
				"unit": "Count",
                "dimensions": ["Profile", "Protocol"],
				"displayname": "Protocol requests"
			}
		},
        {
			"entity": "CUSTOM_DEVICE",
			"timeseries": {
				"key": "Disk.vgFree", 
				"unit": "MegaByte",
                "dimensions": ["Disk"],
				"displayname": "Free"
			}
		},
        {
			"entity": "CUSTOM_DEVICE",
			"timeseries": {
				"key": "Disk.vgInUse", 
				"unit": "MegaByte",
                "dimensions": ["Disk"],
				"displayname": "Used"
			}
		},
        {
			"entity": "CUSTOM_DEVICE",
			"timeseries": {
				"key": "Disk.vgReserved", 
				"unit": "MegaByte",
                "dimensions": ["Disk"],
				"displayname": "Reserved"
			}
		},
        {
			"entity": "CUSTOM_DEVICE",
			"timeseries": {
				"key": "Host.CPU.oneMinAvgIdle", 
				"unit": "Percent",
                "dimensions": ["CPU"],
				"displayname": "Idle"
			}
		},
        {
			"entity": "CUSTOM_DEVICE",
			"timeseries": {
				"key": "Host.CPU.oneMinAvgIowait", 
				"unit": "Percent",
                "dimensions": ["CPU"],
				"displayname": "IO Wait"
			}
		},
        {
			"entity": "CUSTOM_DEVICE",
			"timeseries": {
				"key": "Host.CPU.oneMinAvgIrq", 
				"unit": "Percent",
                "dimensions": ["CPU"],
				"displayname": "IRQ"
			}
		},
        {
			"entity": "CUSTOM_DEVICE",
			"timeseries": {
				"key": "Host.CPU.oneMinAvgSoftirq", 
				"unit": "Percent",
                "dimensions": ["CPU"],
				"displayname": "Soft IRQ"
			}
		},
        {
			"entity": "CUSTOM_DEVICE",
			"timeseries": {
				"key": "Host.CPU.oneMinAvgStolen", 
				"unit": "Percent",
                "dimensions": ["CPU"],
				"displayname": "Stolen"
			}
		},
        {
			"entity": "CUSTOM_DEVICE",
			"timeseries": {
				"key": "Host.CPU.oneMinAvgSystem", 
				"unit": "Percent",
                "dimensions": ["CPU"],
				"displayname": "System"
			}
		},
        {
			"entity": "CUSTOM_DEVICE",
			"timeseries": {
				"key": "Host.CPU.oneMinAvgUser", 
				"unit": "Percent",
                "dimensions": ["CPU"],
				"displayname": "User"
			}
		},
        {
			"entity": "CUSTOM_DEVICE",
			"timeseries": {
				"key": "Host.Memory.Total", 
				"unit": "Byte",
				"displayname": "Total"
			}
		},
        {
			"entity": "CUSTOM_DEVICE",
			"timeseries": {
				"key": "Host.Memory.Used", 
				"unit": "Byte",
				"displayname": "Used"
			}
		},
        {
			"entity": "CUSTOM_DEVICE",
			"timeseries": {
				"key": "HTTPStats.getReqs", 
				"unit": "Count",
                "dimensions": ["Profile"],
				"displayname": "GET Requests"
			}
		},
        {
			"entity": "CUSTOM_DEVICE",
			"timeseries": {
				"key": "HTTPStats.postReqs", 
				"unit": "Count",
                "dimensions": ["Profile"],
				"displayname": "POST Requests"
			}
		},
        {
			"entity": "CUSTOM_DEVICE",
			"timeseries": {
				"key": "HTTPStats.resp_2xxCnt", 
				"unit": "Count",
                "dimensions": ["Profile"],
				"displayname": "2xx Reponses"
			}
		},
        {
			"entity": "CUSTOM_DEVICE",
			"timeseries": {
				"key": "HTTPStats.resp_3xxCnt", 
				"unit": "Count",
                "dimensions": ["Profile"],
				"displayname": "3xx Reponses"
			}
		},
        {
			"entity": "CUSTOM_DEVICE",
			"timeseries": {
				"key": "HTTPStats.resp_4xxCnt", 
				"unit": "Count",
                "dimensions": ["Profile"],
				"displayname": "4xx Reponses"
			}
		},
        {
			"entity": "CUSTOM_DEVICE",
			"timeseries": {
				"key": "HTTPStats.resp_5xxCnt", 
				"unit": "Count",
                "dimensions": ["Profile"],
				"displayname": "5xx Reponses"
			}
		}
	],
	"ui": {
		"keymetrics" : [
			{
				"key": "connectivity",
				"displayname": "Availability"
			},
            {
				"key": "VirtualServer.totRequests",
				"displayname": "Virtual server requests"
			}
		],
		"keycharts": [
			{
				"group": "Device",
				"title": "Availability",
				"series": [
					{
						"key": "connectivity",
                        "displayname": "Availability"
					}
				]
			},
			{
				"group": "Device",
				"title": "CPU",
				"series": [
					{
						"key": "Host.CPU.oneMinAvgIowait",
                        "displayname": "IO Wait",
                        "stacked": true,
                        "mergeaggregation": "AVG"
					},
					{
						"key": "Host.CPU.oneMinAvgIrq",
                        "displayname": "IRQ",
                        "stacked": true,
                        "mergeaggregation": "AVG"
					},
					{
						"key": "Host.CPU.oneMinAvgSoftirq",
                        "displayname": "Soft IRQ",
                        "stacked": true,
                        "mergeaggregation": "AVG"
					},
					{
						"key": "Host.CPU.oneMinAvgStolen",
                        "displayname": "Stolen",
                        "stacked": true,
                        "mergeaggregation": "AVG"
					},
					{
						"key": "Host.CPU.oneMinAvgSystem",
                        "displayname": "System",
                        "stacked": true,
                        "mergeaggregation": "AVG"
					},
					{
						"key": "Host.CPU.oneMinAvgUser",
                        "displayname": "User",
                        "stacked": true,
                        "mergeaggregation": "AVG"
					}
				]
			},
			{
				"group": "Device",
				"title": "Memory",
				"series": [
					{
						"key": "Host.Memory.Used",
                        "displayname": "Used",
                        "seriestype": "line",
                        "mergeaggregation": "AVG"
					},
					{
						"key": "Host.Memory.Total",
                        "displayname": "Total",
                        "seriestype": "line",
                        "mergeaggregation": "AVG"
					}
				]
			},
            {
                "group": "Virtual servers",
                "title": "Virtual server up/down",
				"series": [
					{
                        "key": "VirtualServer.Status",
                        "displayname": "Availability",
                        "mergeaggregation": "AVG"
                    }
				]
            },
            {
                "group": "Virtual servers",
                "title": "Requests",
				"series": [
					{
                        "key": "VirtualServer.totRequests",
                        "displayname": "Requests",
                        "mergeaggregation": "SUM"
                    }
				]
            },
            {
                "group": "Pools",
                "title": "Pool up/down",
				"series": [
					{
                        "key": "Pool.Status",
                        "displayname": "Availability",
                        "mergeaggregation": "AVG"
                    }
				]
            },
            {
                "group": "Pools",
                "title": "Requests",
				"series": [
					{
                        "key": "Pool.totRequests",
                        "displayname": "Requests",
                        "mergeaggregation": "SUM"
                    }
				]
            },
            {
                "group": "Rules",
                "title": "Executions",
				"series": [
					{
                        "key": "Rule.totalExecutions",
                        "displayname": "Executions",
                        "mergeaggregation": "SUM"
                    }
				]
            },
            {
                "group": "Rules",
                "title": "Failures",
				"series": [
					{
                        "key": "Rule.failures",
                        "displayname": "Failures",
                        "mergeaggregation": "SUM"
                    }
				]
            },
            {
                "group": "Nodes",
                "title": "Node up/down",
				"series": [
					{
                        "key": "Node.Status",
                        "displayname": "Availability",
                        "mergeaggregation": "AVG"
                    }
				]
            },
            {
                "group": "Nodes",
                "title": "Requests",
				"series": [
					{
                        "key": "Node.totRequests",
                        "displayname": "Requests",
                        "mergeaggregation": "SUM"
                    }
				]
            },
            {
                "group": "Interfaces",
                "title": "Interface up/down",
				"series": [
					{
                        "key": "Interface.statusUp",
                        "displayname": "Availability",
                        "mergeaggregation": "AVG"
                    }
				]
            },
            {
                "group": "Interfaces",
                "title": "Errors",
				"series": [
					{
                        "key": "Interface.counters_errorsAll",
                        "displayname": "Errors",
                        "mergeaggregation": "SUM"
                    }
				]
            },
            {
                "group": "HTTP",
                "title": "Requests",
				"series": [
					{
                        "key": "HTTPStats.getReqs",
                        "displayname": "GET",
                        "seriestype": "line",
                        "mergeaggregation": "SUM"
                    },
					{
                        "key": "HTTPStats.postReqs",
                        "displayname": "POST",
                        "seriestype": "line",
                        "mergeaggregation": "SUM"
                    }
				]
            }
        ],
        "charts": [
			{
				"group": "Device",
				"title": "Availability",
				"series": [
					{
						"key": "connectivity",
                        "displayname": "Availability"
					}
				]
			},
			{
				"group": "Device",
				"title": "CPU",
				"series": [
					{
						"key": "Host.CPU.oneMinAvgIdle",
                        "displayname": "Idle",
                        "stacked": true
					},
					{
						"key": "Host.CPU.oneMinAvgIowait",
                        "displayname": "IO Wait",
                        "stacked": true
					},
					{
						"key": "Host.CPU.oneMinAvgIrq",
                        "displayname": "IRQ",
                        "stacked": true
					},
					{
						"key": "Host.CPU.oneMinAvgSoftirq",
                        "displayname": "Soft IRQ",
                        "stacked": true
					},
					{
						"key": "Host.CPU.oneMinAvgStolen",
                        "displayname": "Stolen",
                        "stacked": true
					},
					{
						"key": "Host.CPU.oneMinAvgSystem",
                        "displayname": "System",
                        "stacked": true
					},
					{
						"key": "Host.CPU.oneMinAvgUser",
                        "displayname": "User",
                        "stacked": true
					}
				]
			},
			{
				"group": "Device",
				"title": "Memory",
				"series": [
					{
						"key": "Host.Memory.Used",
                        "displayname": "Used"
					},
					{
						"key": "Host.Memory.Total",
                        "displayname": "Total"
					}
				]
			},
            {
                "group": "Virtual servers",
                "title": "Virtual server up/down",
				"series": [
					{
                        "key": "VirtualServer.Status",
                        "displayname": "Availability"
                    }
				]
            },
            {
                "group": "Virtual servers",
                "title": "Requests",
				"series": [
					{
                        "key": "VirtualServer.totRequests",
                        "displayname": "Requests"
                    }
				]
            },
            {
                "group": "Virtual servers",
                "title": "Connections",
				"series": [
					{
                        "key": "VirtualServer.clientside_totConns",
                        "displayname": "Clientside",
                        "seriestype": "line"
                    },
					{
                        "key": "VirtualServer.ephemeral_totConns",
                        "displayname": "Ephemeral",
                        "seriestype": "line"
                    }
				]
            },
            {
                "group": "Virtual servers",
                "title": "Received",
				"series": [
					{
                        "key": "VirtualServer.clientside_bitsIn",
                        "displayname": "Clientside",
                        "seriestype": "line"
                    },
                    {
                        "key": "VirtualServer.ephemeral_bitsIn",
                        "displayname": "Ephemeral",
                        "seriestype": "line"
                    }
				]
            },
            {
                "group": "Virtual servers",
                "title": "Transmitted",
				"series": [
					{
                        "key": "VirtualServer.clientside_bitsOut",
                        "displayname": "Clientside",
                        "seriestype": "line"
                    },
                    {
                        "key": "VirtualServer.ephemeral_bitsOut",
                        "displayname": "Ephemeral",
                        "seriestype": "line"
                    }
				]
            },
            {
                "group": "Virtual servers",
                "title": "Received packets",
				"series": [
					{
                        "key": "VirtualServer.clientside_pktsIn",
                        "displayname": "Clientside",
                        "seriestype": "line"
                    },
                    {
                        "key": "VirtualServer.ephemeral_pktsIn",
                        "displayname": "Ephemeral",
                        "seriestype": "line"
                    }
				]
            },
            {
                "group": "Virtual servers",
                "title": "Transmitted packets",
				"series": [
					{
                        "key": "VirtualServer.clientside_pktsOut",
                        "displayname": "Clientside",
                        "seriestype": "line"
                    },
                    {
                        "key": "VirtualServer.ephemeral_pktsOut",
                        "displayname": "Ephemeral",
                        "seriestype": "line"
                    }
				]
            },
            {
                "group": "Virtual servers",
                "title": "Slow killed",
				"series": [
					{
                        "key": "VirtualServer.clientside_slowKilled",
                        "displayname": "Clientside",
                        "seriestype": "line"
                    },
                    {
                        "key": "VirtualServer.ephemeral_slowKilled",
                        "displayname": "Ephemeral",
                        "seriestype": "line"
                    }
				]
            },
            {
                "group": "Virtual servers",
                "title": "Evicted connections",
				"series": [
					{
                        "key": "VirtualServer.clientside_evictedConns",
                        "displayname": "Clientside",
                        "seriestype": "line"
                    },
                    {
                        "key": "VirtualServer.ephemeral_evictedConns",
                        "displayname": "Ephemeral",
                        "seriestype": "line"
                    }
				]
            },
            {
                "group": "Virtual servers",
                "title": "CPU usage",
				"series": [
					{
                        "key": "VirtualServer.oneMinAvgUsageRatio",
                        "displayname": "CPU usage"
                    }
				]
            },
            {
                "group": "Virtual servers",
                "title": "Syncookie accepts",
				"series": [
					{
                        "key": "VirtualServer.syncookie_accepts",
                        "displayname": "Accepts",
                        "seriestype": "line"
                    },
                    {
                        "key": "VirtualServer.syncookie_rejects",
                        "displayname": "Rejects",
                        "seriestype": "line"
                    }
				]
            },
            {
                "group": "Pools",
                "title": "Pool up/down",
				"series": [
					{
                        "key": "Pool.Status",
                        "displayname": "Availability"
                    }
				]
            },
            {
                "group": "Pools",
                "title": "Requests",
				"series": [
					{
                        "key": "Pool.totRequests",
                        "displayname": "Requests"
                    }
				]
            },
            {
                "group": "Pools",
                "title": "Connections",
				"series": [
					{
                        "key": "Pool.serverside_totConns",
                        "displayname": "Connections"
                    }
				]
            },
            {
                "group": "Pools",
                "title": "Throughput",
				"series": [
					{
                        "key": "Pool.serverside_bitsIn",
                        "displayname": "Received",
                        "seriestype": "line"
                    },
                    {
                        "key": "Pool.serverside_bitsOut",
                        "displayname": "Transmitted",
                        "seriestype": "line"
                    }
				]
            },
            {
                "group": "Pools",
                "title": "Packets",
				"series": [
					{
                        "key": "Pool.serverside_pktsIn",
                        "displayname": "Received",
                        "seriestype": "line"
                    },
                    {
                        "key": "Pool.serverside_pktsOut",
                        "displayname": "Transmitted",
                        "seriestype": "line"
                    }
				]
            },
            {
                "group": "Pools",
                "title": "Member count",
				"series": [
					{
                        "key": "Pool.activeMemberCnt",
                        "displayname": "Member count"
                    }
				]
            },
            {
                "group": "Pools",
                "title": "Current sessions",
				"series": [
					{
                        "key": "Pool.curSessions",
                        "displayname": "Current sessions"
                    }
				]
            },
            {
                "group": "Rules",
                "title": "Executions",
				"series": [
					{
                        "key": "Rule.totalExecutions",
                        "displayname": "Executions"
                    }
				]
            },
            {
                "group": "Rules",
                "title": "Anomalies",
				"series": [
					{
                        "key": "Rule.aborts",
                        "displayname": "Aborts",
                        "seriestype": "line"
                    },
                    {
                        "key": "Rule.failures",
                        "displayname": "Failures",
                        "seriestype": "line"
                    }
				]
            },
            {
                "group": "Nodes",
                "title": "Node up/down",
				"series": [
					{
                        "key": "Node.Status",
                        "displayname": "Availability"
                    }
				]
            },
            {
                "group": "Nodes",
                "title": "Requests",
				"series": [
					{
                        "key": "Node.totRequests",
                        "displayname": "Requests"
                    }
				]
            },
            {
                "group": "Nodes",
                "title": "Connections",
				"series": [
					{
                        "key": "Node.serverside_totConns",
                        "displayname": "Connections"
                    }
				]
            },
            {
                "group": "Nodes",
                "title": "Throughput",
				"series": [
					{
                        "key": "Node.serverside_bitsIn",
                        "displayname": "Received",
                        "seriestype": "line"
                    },
                    {
                        "key": "Node.serverside_bitsOut",
                        "displayname": "Transmitted",
                        "seriestype": "line"
                    }
				]
            },
            {
                "group": "Nodes",
                "title": "Packets",
				"series": [
					{
                        "key": "Node.serverside_pktsIn",
                        "displayname": "Received",
                        "seriestype": "line"
                    },
                    {
                        "key": "Node.serverside_pktsOut",
                        "displayname": "Transmitted",
                        "seriestype": "line"
                    }
				]
            },
            {
                "group": "Interfaces",
                "title": "Status up/down",
				"series": [
					{
                        "key": "Interface.statusUp",
                        "displayname": "Status up/down"
                    }
				]
            },
            {
                "group": "Interfaces",
                "title": "Throughput",
				"series": [
					{
                        "key": "Interface.counters_bitsIn",
                        "displayname": "Received",
                        "seriestype": "line"
                    },
                    {
                        "key": "Interface.counters_bitsOut",
                        "displayname": "Transmitted",
                        "seriestype": "line"
                    }
				]
            },
            {
                "group": "Interfaces",
                "title": "Packets",
				"series": [
					{
                        "key": "Interface.counters_pktsIn",
                        "displayname": "Received",
                        "seriestype": "line"
                    },
                    {
                        "key": "Interface.counters_pktsOut",
                        "displayname": "Transmitted",
                        "seriestype": "line"
                    }
				]
            },
            {
                "group": "Interfaces",
                "title": "Anomaly",
				"series": [
					{
                        "key": "Interface.counters_dropsAll",
                        "displayname": "Dropped packages",
                        "seriestype": "line"
                    },
                    {
                        "key": "Interface.counters_errorsAll",
                        "displayname": "Errors",
                        "seriestype": "line"
                    }
				]
            },
            {
                "group": "Server SSL",
                "title": "Connections",
				"series": [
					{
                        "key": "ServerSSL.common_totCompatConns",
                        "displayname": "Common",
                        "seriestype": "line"
                    },
                    {
                        "key": "ServerSSL.common_totNativeConns",
                        "displayname": "Native",
                        "seriestype": "line"
                    }
				]
            },
            {
                "group": "Server SSL",
                "title": "Fatal alerts",
				"series": [
					{
                        "key": "ServerSSL.common_fatalAlerts",
                        "displayname": "Fatal alerts"
                    }
				]
            },
            {
                "group": "Server SSL",
                "title": "Secure handshakes",
				"series": [
					{
                        "key": "ServerSSL.common_secureHandshakes",
                        "displayname": "Count",
                        "seriestype": "line"
                    },
                    {
                        "key": "ServerSSL.common_handshakeFailures",
                        "displayname": "Failures"
                    }
				]
            },
            {
                "group": "Server SSL",
                "title": "Insecure handshakes",
				"series": [
					{
                        "key": "ServerSSL.common_insecureHandshakeAccepts",
                        "displayname": "Accepts",
                        "seriestype": "line"
                    },
                    {
                        "key": "ServerSSL.common_insecureHandshakeRejects",
                        "displayname": "Rejects"
                    }
				]
            },
            {
                "group": "Server SSL",
                "title": "Insecure renegotiations",
				"series": [
					{
                        "key": "ServerSSL.common_insecureRenegotiationRejects",
                        "displayname": "Rejects"
                    }
				]
            },
            {
                "group": "Server SSL",
                "title": "Protocol requests",
				"series": [
					{
                        "key": "ServerSSL.common_protocolUses",
                        "displayname": "Protocol requests"
                    }
				]
            },
            {
                "group": "Client SSL",
                "title": "Connections",
				"series": [
					{
                        "key": "ClientSSL.common_totCompatConns",
                        "displayname": "Common",
                        "seriestype": "line"
                    },
                    {
                        "key": "ClientSSL.common_totNativeConns",
                        "displayname": "Native",
                        "seriestype": "line"
                    }
				]
            },
            {
                "group": "Client SSL",
                "title": "Fatal alerts",
				"series": [
					{
                        "key": "ClientSSL.common_fatalAlerts",
                        "displayname": "Fatal alerts"
                    }
				]
            },
            {
                "group": "Client SSL",
                "title": "Secure handshakes",
				"series": [
					{
                        "key": "ClientSSL.common_secureHandshakes",
                        "displayname": "Count",
                        "seriestype": "line"
                    },
                    {
                        "key": "ClientSSL.common_handshakeFailures",
                        "displayname": "Failures"
                    }
				]
            },
            {
                "group": "Client SSL",
                "title": "Insecure handshakes",
				"series": [
					{
                        "key": "ClientSSL.common_insecureHandshakeAccepts",
                        "displayname": "Accepts",
                        "seriestype": "line"
                    },
                    {
                        "key": "ClientSSL.common_insecureHandshakeRejects",
                        "displayname": "Rejects"
                    }
				]
            },
            {
                "group": "Client SSL",
                "title": "Insecure renegotiation rejects",
				"series": [
					{
                        "key": "ClientSSL.common_insecureRenegotiationRejects",
                        "displayname": "Insecure renegotiation rejects"
                    }
				]
            },
            {
                "group": "Client SSL",
                "title": "Protocol requests",
				"series": [
					{
                        "key": "ClientSSL.common_protocolUses",
                        "displayname": "Protocol requests"
                    }
                ]
            },
            {
                "group": "Disks",
                "title": "Free",
				"series": [
					{
                        "key": "Disk.vgFree",
                        "displayname": "Free"
                    }
                ]
            },
            {
                "group": "Disks",
                "title": "Usage",
				"series": [
					{
                        "key": "Disk.vgInUse",
                        "displayname": "Used",
                        "stacked": true
                    },
					{
                        "key": "Disk.vgReserved",
                        "displayname": "Reserved",
                        "stacked": true
                    }
                ]
            },
            {
                "group": "HTTP",
                "title": "Requests",
				"series": [
					{
                        "key": "HTTPStats.getReqs",
                        "displayname": "GET",
                        "seriestype": "line"
                    },
					{
                        "key": "HTTPStats.postReqs",
                        "displayname": "POST",
                        "seriestype": "line"
                    }
				]
            },
            {
                "group": "HTTP",
                "title": "Response codes",
				"series": [
					{
                        "key": "HTTPStats.resp_2xxCnt",
                        "displayname": "2xx",
                        "stacked": true
                    },
					{
                        "key": "HTTPStats.resp_3xxCnt",
                        "displayname": "3xx",
                        "stacked": true
                    },
					{
                        "key": "HTTPStats.resp_4xxCnt",
                        "displayname": "4xx",
                        "stacked": true
                    },
					{
                        "key": "HTTPStats.resp_5xxCnt",
                        "displayname": "5xx",
                        "stacked": true
                    }
				]
            }
        ]
	},
	"properties": [
		{
			"key": "auth_user",
			"type": "String"
		},
		{
			"key": "auth_password",
			"type": "Password"
		},
		{
			"key": "host_name",
			"type": "String"
		},
		{
			"key": "useToken",
			"type": "Boolean"
		},
		{
			"key": "certificate",
			"type": "Boolean"
		},
		{
			"key": "certificatePath",
			"type": "String"
		},
		{
			"key": "debug",
			"type": "Boolean"
		},
		{
			"key": "virtualServers",
			"type": "Textarea"
		},
		{
			"key": "pools",
			"type": "Textarea"
		},
		{
			"key": "nodes",
			"type": "Textarea"
		},
		{
			"key": "rules",
			"type": "Textarea"
		},
		{
			"key": "profiles",
			"type": "Textarea"
		},
		{
			"key": "interfaces",
			"type": "Textarea"
		},
		{
			"key": "partitions",
			"type": "Textarea"
		},
		{
			"key": "ips",
			"type": "Textarea"
		},
		{
			"key": "group",
			"type": "String"
		}
	],
	"configUI" :{
		"displayName": "f5 via REST",
		"properties" : [
			{ "key" : "auth_user", "displayName": "Username", "displayOrder": 1, "displayHint": "" },
			{ "key" : "auth_password", "displayName": "Password", "displayOrder": 2, "displayHint": "" },
			{ "key" : "host_name", "displayName": "Hostname/IP of mgmt interface", "displayOrder": 3, "displayHint": "127.0.0.1[:8443]" },
			{ "key" : "useToken", "displayName": "Use token authentication", "displayOrder": 4},
			{ "key" : "certificate", "displayName": "Require a valid SSL certificate", "displayOrder": 5},
			{ "key" : "certificatePath", "displayName": "Path to a CA_BUNDLE file or directory", "displayHint": "Add the absolute path to self-signed certificates of trusted CAs", "displayOrder": 6},
			{ "key" : "debug", "displayName": "Enable debug logging", "displayOrder": 7},
			{ "key" : "virtualServers", "displayName": "Comma separated virtual servers", "displayOrder": 8, "displayHint": "Leave empty to fetch all, can use regex, enter 'none' to not fetch any" },
			{ "key" : "pools", "displayName": "Comma separated pools", "displayOrder": 9, "displayHint": "Leave empty to fetch all, can use regex, enter 'none' to not fetch any" },
			{ "key" : "nodes", "displayName": "Comma separated nodes", "displayOrder": 10, "displayHint": "Leave empty to fetch all, can use regex, enter 'none' to not fetch any" },
			{ "key" : "rules", "displayName": "Comma separated rules", "displayOrder": 11, "displayHint": "Leave empty to fetch all, can use regex, enter 'none' to not fetch any" },
			{ "key" : "profiles", "displayName": "Comma separated profiles", "displayOrder": 12, "displayHint": "Leave empty to fetch all, can use regex, enter 'none' to not fetch any" },
			{ "key" : "interfaces", "displayName": "Comma separated interfaces", "displayOrder": 13, "displayHint": "Leave empty to fetch all, can use regex, enter 'none' to not fetch any" },
			{ "key" : "partitions", "displayName": "Comma separated partitions", "displayOrder": 14, "displayHint": "Leave empty to fetch all" },
			{ "key" : "ips", "displayName": "Comma separated additional IPs", "displayOrder": 15, "displayHint": "Leave empty to only use what the plugin finds" },
			{ "key" : "group", "displayName": "Name of the group", "displayOrder": 16, "displayHint": "Used for grouping devices" }
		]
	}
}
