{
    "name":"custom.remote.python.ef2configurator",
    "version":"1.0.4",
    "type":"python",
    "entity":"CUSTOM_DEVICE",
    "metricGroup": "tech.ef2configurator",
    "processTypeNames":["PYTHON"],
    "technologies": ["custom"],
    "favicon": "https://assets.dynatrace.com/global/icons/infographic_rack.png",
    "source":{
       "package":"EF2Configurator",
       "className":"EF2Configurator",
       "install_requires": ["dt", "pydig"],
       "activation":"Remote"
    },
    "metrics":[

    ],
    "ui": {
       "keymetrics" : [
        
       ],
       "keycharts": [
         
       ],
       "charts": [
         
       ]
    },
    "properties": [
      {
         "key": "dynatrace_URL",
         "type": "string"
      },
      {
         "key": "dynatrace_token",
         "type": "Password"
      },
      {
         "key": "kafka_URL",
         "type": "String"
      },
      {
         "key": "kafka_username",
         "type": "String"
      },       
      {
         "key": "kafka_password",
         "type": "Password"
      },
      {
         "key": "kafka_extension_name",
         "type": "String",
         "defaultValue":  "custom:com.decathlon.aiven.kafka"
      },    
      {
         "key": "postgres_URL",
         "type": "String"
      },
      {
         "key": "postgres_username",
         "type": "String"
      },       
      {
         "key": "postgres_password",
         "type": "Password"
      }, 
      {
         "key": "postgres_extension_name",
         "type": "String",
         "defaultValue":  "custom:com.decathlon.aiven.postgresql"
      },
      {
         "key": "opensearch_URL",
         "type": "String"
      },
      {
         "key": "opensearch_username",
         "type": "String"
      },       
      {
         "key": "opensearch_password",
         "type": "Password"
      }, 
      {
         "key": "opensearch_extension_name",
         "type": "String",
         "defaultValue":  "custom:com.decathlon.aiven.opensearch"
      },      
      {
         "key": "redis_URL",
         "type": "String"
      },
      {
         "key": "redis_username",
         "type": "String"
      },       
      {
         "key": "redis_password",
         "type": "Password"
      }, 
      {
         "key": "redis_extension_name",
         "type": "String",
         "defaultValue":  "custom:com.decathlon.aiven.redis"
      },
      {
         "key": "execution_interval",
         "type": "Integer",
         "defaultValue": 10
      }, 
      {
         "key": "ag_group",
         "type": "String"
      },
      { 
         "key": "debug",
         "type": "Boolean"
      }
 
    ],
    "configUI" :{
       "displayName": "Aiven configurator",
       "properties" : [
          { "key" : "dynatrace_URL", "displayName": "dynatrace tenant address", "displayOrder": 1, "displayHint": "Managed https://{your-domain}/e/{your-environment-id}/  SaaS https://{your-environment-id}.live.dynatrace.com/"},
          { "key" : "dynatrace_token", "displayName": "Dynatrace token", "displayOrder": 2},

          { "key" : "kafka_URL", "displayName": "Kafka URL", "displayOrder": 3},
          { "key" : "kafka_username", "displayName": "Kafka username", "displayOrder": 4},
          { "key" : "kafka_password", "displayName": "Kafka password", "displayOrder": 5},
          { "key" : "kafka_extension_name", "displayName": "Kafka extension name", "displayOrder": 6},

          { "key" : "postgres_URL", "displayName": "Postgres URL", "displayOrder": 7},
          { "key" : "postgres_username", "displayName": "Postgres username", "displayOrder": 8},
          { "key" : "postgres_password", "displayName": "Postgres password", "displayOrder": 9},
          { "key" : "postgres_extension_name", "displayName": "postgres extension name", "displayOrder": 10},

          { "key" : "opensearch_URL", "displayName": "OpenSearch URL", "displayOrder": 11},
          { "key" : "opensearch_username", "displayName": "OpenSearch username", "displayOrder": 12},
          { "key" : "opensearch_password", "displayName": "OpenSearch password", "displayOrder": 13},
          { "key" : "opensearch_extension_name", "displayName": "OpenSearch extension name", "displayOrder": 14},

          { "key" : "redis_URL", "displayName": "Redis URL", "displayOrder": 15},
          { "key" : "redis_username", "displayName": "Redis username", "displayOrder": 16},
          { "key" : "redis_password", "displayName": "Redis password", "displayOrder": 17},
          { "key" : "redis_extension_name", "displayName": "Redis extension name", "displayOrder": 18},

          { "key" : "execution_interval", "displayName": "Execution interval in minutes", "displayOrder": 19},
          { "key" : "ag_group", "displayName": "Active gate group name", "displayOrder": 20},
          { "key" : "debug", "displayName": "debug", "displayOrder": 21}
       ]
    }
 }